imgIndex,Detector,Descriptor,NumMatchBoxes,CameraTTC,LidarTTC,LidarDistance
1,Shitomasi,Brisk,6,14.0905,12.3137,8.004
2,Shitomasi,Brisk,11,12.8955,11.6706,7.936
3,Shitomasi,Brisk,8,13.4219,15.7721,7.886
4,Shitomasi,Brisk,11,12.3288,16.6787,7.839
5,Shitomasi,Brisk,9,12.6027,15.5779,7.789
6,Shitomasi,Brisk,10,13.4007,11.8831,7.724
7,Shitomasi,Brisk,9,12.8368,11.7831,7.659
8,Shitomasi,Brisk,9,13.5499,13.5768,7.603
9,Shitomasi,Brisk,8,11.4559,14.2453,7.55
10,Shitomasi,Brisk,9,13.4726,11.3394,7.484
11,Shitomasi,Brisk,8,11.2555,13.0298,7.427
12,Shitomasi,Brisk,7,11.7391,8.53605,7.341
13,Shitomasi,Brisk,9,11.713,9.95617,7.268
14,Shitomasi,Brisk,8,11.5273,9.72157,7.194
15,Shitomasi,Brisk,9,9.69872,8.16898,7.107
16,Shitomasi,Brisk,10,10.4612,10.3515,7.039
17,Shitomasi,Brisk,9,11.5139,9.16182,6.963
18,Shitomasi,Brisk,8,9.12792,8.82697,6.885
1,Shitomasi,Brief,6,14.0134,12.3137,8.004
2,Shitomasi,Brief,11,12.9876,11.6706,7.936
3,Shitomasi,Brief,8,11.6934,15.7721,7.886
4,Shitomasi,Brief,11,13.4067,16.6787,7.839
5,Shitomasi,Brief,9,12.2021,15.5779,7.789
6,Shitomasi,Brief,10,13.0816,11.8831,7.724
7,Shitomasi,Brief,9,17.5647,11.7831,7.659
8,Shitomasi,Brief,9,11.7723,13.5768,7.603
9,Shitomasi,Brief,8,11.3622,14.2453,7.55
10,Shitomasi,Brief,9,13.456,11.3394,7.484
11,Shitomasi,Brief,8,11.6463,13.0298,7.427
12,Shitomasi,Brief,7,11.567,8.53605,7.341
13,Shitomasi,Brief,9,11.6697,9.95617,7.268
14,Shitomasi,Brief,8,11.1083,9.72157,7.194
15,Shitomasi,Brief,9,11.3833,8.16898,7.107
16,Shitomasi,Brief,10,10.7084,10.3515,7.039
17,Shitomasi,Brief,9,11.5895,9.16182,6.963
18,Shitomasi,Brief,8,8.1132,8.82697,6.885
1,Shitomasi,Orb,6,13.6546,12.3137,8.004
2,Shitomasi,Orb,11,12.5196,11.6706,7.936
3,Shitomasi,Orb,8,11.2779,15.7721,7.886
4,Shitomasi,Orb,11,12.1046,16.6787,7.839
5,Shitomasi,Orb,9,12.3511,15.5779,7.789
6,Shitomasi,Orb,10,13.6257,11.8831,7.724
7,Shitomasi,Orb,9,12.0972,11.7831,7.659
8,Shitomasi,Orb,9,12.1848,13.5768,7.603
9,Shitomasi,Orb,8,11.3267,14.2453,7.55
10,Shitomasi,Orb,9,13.203,11.3394,7.484
11,Shitomasi,Orb,8,11.2199,13.0298,7.427
12,Shitomasi,Orb,7,11.5209,8.53605,7.341
13,Shitomasi,Orb,9,12.3243,9.95617,7.268
14,Shitomasi,Orb,8,11.4218,9.72157,7.194
15,Shitomasi,Orb,9,10.3785,8.16898,7.107
16,Shitomasi,Orb,10,10.7587,10.3515,7.039
17,Shitomasi,Orb,9,10.549,9.16182,6.963
18,Shitomasi,Orb,8,8.64825,8.82697,6.885
1,Shitomasi,Freak,6,13.7309,12.3137,8.004
2,Shitomasi,Freak,11,13.0553,11.6706,7.936
3,Shitomasi,Freak,8,11.0979,15.7721,7.886
4,Shitomasi,Freak,11,12.7502,16.6787,7.839
5,Shitomasi,Freak,9,12.4542,15.5779,7.789
6,Shitomasi,Freak,10,13.9921,11.8831,7.724
7,Shitomasi,Freak,9,13.0506,11.7831,7.659
8,Shitomasi,Freak,9,12.7322,13.5768,7.603
9,Shitomasi,Freak,8,11.6421,14.2453,7.55
10,Shitomasi,Freak,9,13.3275,11.3394,7.484
11,Shitomasi,Freak,8,11.3317,13.0298,7.427
12,Shitomasi,Freak,7,11.7408,8.53605,7.341
13,Shitomasi,Freak,9,12.28,9.95617,7.268
14,Shitomasi,Freak,8,11.5348,9.72157,7.194
15,Shitomasi,Freak,9,10.009,8.16898,7.107
16,Shitomasi,Freak,10,11.6018,10.3515,7.039
17,Shitomasi,Freak,9,10.7263,9.16182,6.963
18,Shitomasi,Freak,8,8.06211,8.82697,6.885
1,Shitomasi,Sift,6,14.0745,12.3137,8.004
2,Shitomasi,Sift,11,13.0553,11.6706,7.936
3,Shitomasi,Sift,8,11.6934,15.7721,7.886
4,Shitomasi,Sift,11,12.7426,16.6787,7.839
5,Shitomasi,Sift,9,12.2021,15.5779,7.789
6,Shitomasi,Sift,10,12.799,11.8831,7.724
7,Shitomasi,Sift,9,13.1834,11.7831,7.659
8,Shitomasi,Sift,9,12.2451,13.5768,7.603
9,Shitomasi,Sift,8,12.0021,14.2453,7.55
10,Shitomasi,Sift,9,13.2001,11.3394,7.484
11,Shitomasi,Sift,8,12.0015,13.0298,7.427
12,Shitomasi,Sift,7,11.6048,8.53605,7.341
13,Shitomasi,Sift,9,11.7073,9.95617,7.268
14,Shitomasi,Sift,8,10.8083,9.72157,7.194
15,Shitomasi,Sift,9,12,8.16898,7.107
16,Shitomasi,Sift,10,10.6837,10.3515,7.039
17,Shitomasi,Sift,9,11.1675,9.16182,6.963
18,Shitomasi,Sift,8,9.57401,8.82697,6.885
1,Harris,Brisk,6,10.9082,12.3137,8.004
2,Harris,Brisk,11,nan,11.6706,7.936
3,Harris,Brisk,8,346.021,15.7721,7.886
4,Harris,Brisk,11,nan,16.6787,7.839
5,Harris,Brisk,9,44.9166,15.5779,7.789
6,Harris,Brisk,10,nan,11.8831,7.724
7,Harris,Brisk,9,12.2792,11.7831,7.659
8,Harris,Brisk,9,nan,13.5768,7.603
9,Harris,Brisk,8,nan,14.2453,7.55
10,Harris,Brisk,9,nan,11.3394,7.484
11,Harris,Brisk,8,nan,13.0298,7.427
12,Harris,Brisk,7,11.9536,8.53605,7.341
13,Harris,Brisk,9,nan,9.95617,7.268
14,Harris,Brisk,8,5.66097,9.72157,7.194
15,Harris,Brisk,9,38.3408,8.16898,7.107
16,Harris,Brisk,10,8.7674,10.3515,7.039
17,Harris,Brisk,9,12.5848,9.16182,6.963
18,Harris,Brisk,8,nan,8.82697,6.885
1,Harris,Brief,6,10.9082,12.3137,8.004
2,Harris,Brief,11,nan,11.6706,7.936
3,Harris,Brief,8,346.021,15.7721,7.886
4,Harris,Brief,11,nan,16.6787,7.839
5,Harris,Brief,9,35.3833,15.5779,7.789
6,Harris,Brief,10,nan,11.8831,7.724
7,Harris,Brief,9,14.6579,11.7831,7.659
8,Harris,Brief,9,nan,13.5768,7.603
9,Harris,Brief,8,nan,14.2453,7.55
10,Harris,Brief,9,-4.00277,11.3394,7.484
11,Harris,Brief,8,11.6702,13.0298,7.427
12,Harris,Brief,7,11.9536,8.53605,7.341
13,Harris,Brief,9,13.4095,9.95617,7.268
14,Harris,Brief,8,nan,9.72157,7.194
15,Harris,Brief,9,nan,8.16898,7.107
16,Harris,Brief,10,10.688,10.3515,7.039
17,Harris,Brief,9,12.5848,9.16182,6.963
18,Harris,Brief,8,nan,8.82697,6.885
1,Harris,Orb,6,nan,12.3137,8.004
2,Harris,Orb,11,-inf,11.6706,7.936
3,Harris,Orb,8,346.021,15.7721,7.886
4,Harris,Orb,11,11.7693,16.6787,7.839
5,Harris,Orb,9,34.7543,15.5779,7.789
6,Harris,Orb,10,13.6217,11.8831,7.724
7,Harris,Orb,9,nan,11.7831,7.659
8,Harris,Orb,9,13.5704,13.5768,7.603
9,Harris,Orb,8,nan,14.2453,7.55
10,Harris,Orb,9,nan,11.3394,7.484
11,Harris,Orb,8,nan,13.0298,7.427
12,Harris,Orb,7,11.9536,8.53605,7.341
13,Harris,Orb,9,13.4095,9.95617,7.268
14,Harris,Orb,8,5.66097,9.72157,7.194
15,Harris,Orb,9,nan,8.16898,7.107
16,Harris,Orb,10,9.79746,10.3515,7.039
17,Harris,Orb,9,12.5848,9.16182,6.963
18,Harris,Orb,8,nan,8.82697,6.885
1,Harris,Freak,6,10.9082,12.3137,8.004
2,Harris,Freak,11,nan,11.6706,7.936
3,Harris,Freak,8,nan,15.7721,7.886
4,Harris,Freak,11,11.7693,16.6787,7.839
5,Harris,Freak,9,35.3833,15.5779,7.789
6,Harris,Freak,10,nan,11.8831,7.724
7,Harris,Freak,9,12.3971,11.7831,7.659
8,Harris,Freak,9,10.7101,13.5768,7.603
9,Harris,Freak,8,nan,14.2453,7.55
10,Harris,Freak,9,nan,11.3394,7.484
11,Harris,Freak,8,11.8135,13.0298,7.427
12,Harris,Freak,7,11.9536,8.53605,7.341
13,Harris,Freak,9,nan,9.95617,7.268
14,Harris,Freak,8,nan,9.72157,7.194
15,Harris,Freak,9,nan,8.16898,7.107
16,Harris,Freak,10,nan,10.3515,7.039
17,Harris,Freak,9,nan,9.16182,6.963
18,Harris,Freak,8,nan,8.82697,6.885
1,Harris,Sift,6,nan,12.3137,8.004
2,Harris,Sift,11,-inf,11.6706,7.936
3,Harris,Sift,8,18.5701,15.7721,7.886
4,Harris,Sift,11,nan,16.6787,7.839
5,Harris,Sift,9,17.2006,15.5779,7.789
6,Harris,Sift,10,15.2483,11.8831,7.724
7,Harris,Sift,9,17.7488,11.7831,7.659
8,Harris,Sift,9,12.9162,13.5768,7.603
9,Harris,Sift,8,3.93864,14.2453,7.55
10,Harris,Sift,9,-4.00277,11.3394,7.484
11,Harris,Sift,8,nan,13.0298,7.427
12,Harris,Sift,7,12.245,8.53605,7.341
13,Harris,Sift,9,13.4095,9.95617,7.268
14,Harris,Sift,8,5.66097,9.72157,7.194
15,Harris,Sift,9,12.3873,8.16898,7.107
16,Harris,Sift,10,10.1532,10.3515,7.039
17,Harris,Sift,9,12.5848,9.16182,6.963
18,Harris,Sift,8,nan,8.82697,6.885
1,Fast,Brisk,6,12.4947,12.3137,8.004
2,Fast,Brisk,11,12.1397,11.6706,7.936
3,Fast,Brisk,8,12.1855,15.7721,7.886
4,Fast,Brisk,11,12.6,16.6787,7.839
5,Fast,Brisk,9,13.5439,15.5779,7.789
6,Fast,Brisk,10,12.0072,11.8831,7.724
7,Fast,Brisk,9,12.7284,11.7831,7.659
8,Fast,Brisk,9,12.1502,13.5768,7.603
9,Fast,Brisk,8,12.3243,14.2453,7.55
10,Fast,Brisk,9,13.5673,11.3394,7.484
11,Fast,Brisk,8,12.0003,13.0298,7.427
12,Fast,Brisk,7,12.2099,8.53605,7.341
13,Fast,Brisk,9,11.6099,9.95617,7.268
14,Fast,Brisk,8,11.3522,9.72157,7.194
15,Fast,Brisk,9,11.0469,8.16898,7.107
16,Fast,Brisk,10,11.1504,10.3515,7.039
17,Fast,Brisk,9,10.1507,9.16182,6.963
18,Fast,Brisk,8,11.7376,8.82697,6.885
1,Fast,Brief,6,11.733,12.3137,8.004
2,Fast,Brief,11,11.6543,11.6706,7.936
3,Fast,Brief,8,13.8032,15.7721,7.886
4,Fast,Brief,11,12.7784,16.6787,7.839
5,Fast,Brief,9,14.9825,15.5779,7.789
6,Fast,Brief,10,13.3479,11.8831,7.724
7,Fast,Brief,9,13.1664,11.7831,7.659
8,Fast,Brief,9,12.8392,13.5768,7.603
9,Fast,Brief,8,12.5796,14.2453,7.55
10,Fast,Brief,9,13.6593,11.3394,7.484
11,Fast,Brief,8,11.6421,13.0298,7.427
12,Fast,Brief,7,11.2415,8.53605,7.341
13,Fast,Brief,9,11.713,9.95617,7.268
14,Fast,Brief,8,10.6426,9.72157,7.194
15,Fast,Brief,9,11.6062,8.16898,7.107
16,Fast,Brief,10,10.4941,10.3515,7.039
17,Fast,Brief,9,9.62319,9.16182,6.963
18,Fast,Brief,8,11.5563,8.82697,6.885
1,Fast,Orb,6,11.2358,12.3137,8.004
2,Fast,Orb,11,12.2399,11.6706,7.936
3,Fast,Orb,8,11.7707,15.7721,7.886
4,Fast,Orb,11,12.605,16.6787,7.839
5,Fast,Orb,9,13.1788,15.5779,7.789
6,Fast,Orb,10,12.2544,11.8831,7.724
7,Fast,Orb,9,13.2164,11.7831,7.659
8,Fast,Orb,9,12.6894,13.5768,7.603
9,Fast,Orb,8,12.2977,14.2453,7.55
10,Fast,Orb,9,12.6957,11.3394,7.484
11,Fast,Orb,8,11.8388,13.0298,7.427
12,Fast,Orb,7,11.3263,8.53605,7.341
13,Fast,Orb,9,11.7503,9.95617,7.268
14,Fast,Orb,8,10.7455,9.72157,7.194
15,Fast,Orb,9,10.3848,8.16898,7.107
16,Fast,Orb,10,10.1984,10.3515,7.039
17,Fast,Orb,9,9.31926,9.16182,6.963
18,Fast,Orb,8,11.4169,8.82697,6.885
1,Fast,Freak,6,12.054,12.3137,8.004
2,Fast,Freak,11,12.3676,11.6706,7.936
3,Fast,Freak,8,13.1664,15.7721,7.886
4,Fast,Freak,11,13.2077,16.6787,7.839
5,Fast,Freak,9,12.2277,15.5779,7.789
6,Fast,Freak,10,12.075,11.8831,7.724
7,Fast,Freak,9,12.7024,11.7831,7.659
8,Fast,Freak,9,12.3932,13.5768,7.603
9,Fast,Freak,8,12.2664,14.2453,7.55
10,Fast,Freak,9,12.5612,11.3394,7.484
11,Fast,Freak,8,12.2161,13.0298,7.427
12,Fast,Freak,7,12.1046,8.53605,7.341
13,Fast,Freak,9,11.6009,9.95617,7.268
14,Fast,Freak,8,11.0839,9.72157,7.194
15,Fast,Freak,9,10.3242,8.16898,7.107
16,Fast,Freak,10,10.6546,10.3515,7.039
17,Fast,Freak,9,10.1523,9.16182,6.963
18,Fast,Freak,8,11.5076,8.82697,6.885
1,Fast,Sift,6,12.1046,12.3137,8.004
2,Fast,Sift,11,11.3828,11.6706,7.936
3,Fast,Sift,8,13.9454,15.7721,7.886
4,Fast,Sift,11,12.8131,16.6787,7.839
5,Fast,Sift,9,13.8688,15.5779,7.789
6,Fast,Sift,10,12.7991,11.8831,7.724
7,Fast,Sift,9,12.5127,11.7831,7.659
8,Fast,Sift,9,12.7075,13.5768,7.603
9,Fast,Sift,8,12.4822,14.2453,7.55
10,Fast,Sift,9,12.9335,11.3394,7.484
11,Fast,Sift,8,11.6846,13.0298,7.427
12,Fast,Sift,7,11.3991,8.53605,7.341
13,Fast,Sift,9,11.6247,9.95617,7.268
14,Fast,Sift,8,11.3317,9.72157,7.194
15,Fast,Sift,9,10.9222,8.16898,7.107
16,Fast,Sift,10,10.401,10.3515,7.039
17,Fast,Sift,9,9.23939,9.16182,6.963
18,Fast,Sift,8,10.6625,8.82697,6.885
1,Brisk,Brisk,6,13.1803,12.3137,8.004
2,Brisk,Brisk,11,21.4971,11.6706,7.936
3,Brisk,Brisk,8,12.6265,15.7721,7.886
4,Brisk,Brisk,11,15.2031,16.6787,7.839
5,Brisk,Brisk,9,29.7535,15.5779,7.789
6,Brisk,Brisk,10,16.2681,11.8831,7.724
7,Brisk,Brisk,9,16.5894,11.7831,7.659
8,Brisk,Brisk,9,16.481,13.5768,7.603
9,Brisk,Brisk,8,13.8708,14.2453,7.55
10,Brisk,Brisk,9,13.1284,11.3394,7.484
11,Brisk,Brisk,8,12.2642,13.0298,7.427
12,Brisk,Brisk,7,11.1861,8.53605,7.341
13,Brisk,Brisk,9,11.6365,9.95617,7.268
14,Brisk,Brisk,8,12.1981,9.72157,7.194
15,Brisk,Brisk,9,12.6099,8.16898,7.107
16,Brisk,Brisk,10,11.2679,10.3515,7.039
17,Brisk,Brisk,9,9.31373,9.16182,6.963
18,Brisk,Brisk,8,10.9366,8.82697,6.885
1,Brisk,Brief,6,12.7847,12.3137,8.004
2,Brisk,Brief,11,17.4806,11.6706,7.936
3,Brisk,Brief,8,11.586,15.7721,7.886
4,Brisk,Brief,11,20.5567,16.6787,7.839
5,Brisk,Brief,9,20.1335,15.5779,7.789
6,Brisk,Brief,10,16.3037,11.8831,7.724
7,Brisk,Brief,9,15.3035,11.7831,7.659
8,Brisk,Brief,9,18.3345,13.5768,7.603
9,Brisk,Brief,8,15.1317,14.2453,7.55
10,Brisk,Brief,9,11.3328,11.3394,7.484
11,Brisk,Brief,8,13.3716,13.0298,7.427
12,Brisk,Brief,7,13.8723,8.53605,7.341
13,Brisk,Brief,9,11.8364,9.95617,7.268
14,Brisk,Brief,8,10.8091,9.72157,7.194
15,Brisk,Brief,9,11.2562,8.16898,7.107
16,Brisk,Brief,10,11.2909,10.3515,7.039
17,Brisk,Brief,9,10.8604,9.16182,6.963
18,Brisk,Brief,8,10.3764,8.82697,6.885
1,Brisk,Orb,6,14.6861,12.3137,8.004
2,Brisk,Orb,11,19.5646,11.6706,7.936
3,Brisk,Orb,8,13.2505,15.7721,7.886
4,Brisk,Orb,11,16.5137,16.6787,7.839
5,Brisk,Orb,9,20.577,15.5779,7.789
6,Brisk,Orb,10,18.8603,11.8831,7.724
7,Brisk,Orb,9,15.3917,11.7831,7.659
8,Brisk,Orb,9,16.1576,13.5768,7.603
9,Brisk,Orb,8,15.0807,14.2453,7.55
10,Brisk,Orb,9,11.113,11.3394,7.484
11,Brisk,Orb,8,13.648,13.0298,7.427
12,Brisk,Orb,7,10.9394,8.53605,7.341
13,Brisk,Orb,9,11.5702,9.95617,7.268
14,Brisk,Orb,8,11.9856,9.72157,7.194
15,Brisk,Orb,9,11.3847,8.16898,7.107
16,Brisk,Orb,10,11.3491,10.3515,7.039
17,Brisk,Orb,9,9.85385,9.16182,6.963
18,Brisk,Orb,8,11.2937,8.82697,6.885
1,Brisk,Freak,6,12.3542,12.3137,8.004
2,Brisk,Freak,11,23.5276,11.6706,7.936
3,Brisk,Freak,8,13.9183,15.7721,7.886
4,Brisk,Freak,11,13.686,16.6787,7.839
5,Brisk,Freak,9,23.0537,15.5779,7.789
6,Brisk,Freak,10,14.7907,11.8831,7.724
7,Brisk,Freak,9,15.75,11.7831,7.659
8,Brisk,Freak,9,18.6756,13.5768,7.603
9,Brisk,Freak,8,15.408,14.2453,7.55
10,Brisk,Freak,9,13.8792,11.3394,7.484
11,Brisk,Freak,8,12.5201,13.0298,7.427
12,Brisk,Freak,7,11.0742,8.53605,7.341
13,Brisk,Freak,9,11.4483,9.95617,7.268
14,Brisk,Freak,8,11.2498,9.72157,7.194
15,Brisk,Freak,9,12.9132,8.16898,7.107
16,Brisk,Freak,10,10.2978,10.3515,7.039
17,Brisk,Freak,9,9.05056,9.16182,6.963
18,Brisk,Freak,8,10.4288,8.82697,6.885
1,Brisk,Sift,6,13.0059,12.3137,8.004
2,Brisk,Sift,11,15.8751,11.6706,7.936
3,Brisk,Sift,8,15.3895,15.7721,7.886
4,Brisk,Sift,11,12.6121,16.6787,7.839
5,Brisk,Sift,9,26.4305,15.5779,7.789
6,Brisk,Sift,10,12.3286,11.8831,7.724
7,Brisk,Sift,9,13.2586,11.7831,7.659
8,Brisk,Sift,9,16.1681,13.5768,7.603
9,Brisk,Sift,8,15.9179,14.2453,7.55
10,Brisk,Sift,9,15.3337,11.3394,7.484
11,Brisk,Sift,8,13.6053,13.0298,7.427
12,Brisk,Sift,7,11.5191,8.53605,7.341
13,Brisk,Sift,9,12.7782,9.95617,7.268
14,Brisk,Sift,8,10.5343,9.72157,7.194
15,Brisk,Sift,9,13.9285,8.16898,7.107
16,Brisk,Sift,10,11.0861,10.3515,7.039
17,Brisk,Sift,9,9.68446,9.16182,6.963
18,Brisk,Sift,8,12.07,8.82697,6.885
1,Orb,Brisk,6,14.9301,12.3137,8.004
2,Orb,Brisk,11,13.599,11.6706,7.936
3,Orb,Brisk,8,12.0957,15.7721,7.886
4,Orb,Brisk,11,30.1703,16.6787,7.839
5,Orb,Brisk,9,94.009,15.5779,7.789
6,Orb,Brisk,10,10.7966,11.8831,7.724
7,Orb,Brisk,9,13.2572,11.7831,7.659
8,Orb,Brisk,9,10.8951,13.5768,7.603
9,Orb,Brisk,8,13.0837,14.2453,7.55
10,Orb,Brisk,9,19.6544,11.3394,7.484
11,Orb,Brisk,8,7.80056,13.0298,7.427
12,Orb,Brisk,7,-inf,8.53605,7.341
13,Orb,Brisk,9,7.45405,9.95617,7.268
14,Orb,Brisk,8,9.52775,9.72157,7.194
15,Orb,Brisk,9,8.69652,8.16898,7.107
16,Orb,Brisk,10,13.2646,10.3515,7.039
17,Orb,Brisk,9,12.4886,9.16182,6.963
18,Orb,Brisk,8,27.7089,8.82697,6.885
1,Orb,Brief,6,nan,12.3137,8.004
2,Orb,Brief,11,47.4248,11.6706,7.936
3,Orb,Brief,8,92.8179,15.7721,7.886
4,Orb,Brief,11,14.4272,16.6787,7.839
5,Orb,Brief,9,25.4852,15.5779,7.789
6,Orb,Brief,10,15.1309,11.8831,7.724
7,Orb,Brief,9,224.493,11.7831,7.659
8,Orb,Brief,9,nan,13.5768,7.603
9,Orb,Brief,8,nan,14.2453,7.55
10,Orb,Brief,9,23.5366,11.3394,7.484
11,Orb,Brief,8,17.8506,13.0298,7.427
12,Orb,Brief,7,16.2227,8.53605,7.341
13,Orb,Brief,9,12.946,9.95617,7.268
14,Orb,Brief,8,9.88356,9.72157,7.194
15,Orb,Brief,9,8.94125,8.16898,7.107
16,Orb,Brief,10,10.9804,10.3515,7.039
17,Orb,Brief,9,14.3683,9.16182,6.963
18,Orb,Brief,8,21.9022,8.82697,6.885
1,Orb,Orb,6,120.341,12.3137,8.004
2,Orb,Orb,11,10.6654,11.6706,7.936
3,Orb,Orb,8,17.5611,15.7721,7.886
4,Orb,Orb,11,21.9072,16.6787,7.839
5,Orb,Orb,9,29.6544,15.5779,7.789
6,Orb,Orb,10,18.2399,11.8831,7.724
7,Orb,Orb,9,214.117,11.7831,7.659
8,Orb,Orb,9,9.18716,13.5768,7.603
9,Orb,Orb,8,17.765,14.2453,7.55
10,Orb,Orb,9,23.6161,11.3394,7.484
11,Orb,Orb,8,8.28796,13.0298,7.427
12,Orb,Orb,7,nan,8.53605,7.341
13,Orb,Orb,9,9.87101,9.95617,7.268
14,Orb,Orb,8,9.52775,9.72157,7.194
15,Orb,Orb,9,12.7918,8.16898,7.107
16,Orb,Orb,10,11.5054,10.3515,7.039
17,Orb,Orb,9,11.4577,9.16182,6.963
18,Orb,Orb,8,27.5113,8.82697,6.885
1,Orb,Freak,6,12.2074,12.3137,8.004
2,Orb,Freak,11,20.1206,11.6706,7.936
3,Orb,Freak,8,11.6135,15.7721,7.886
4,Orb,Freak,11,10.8599,16.6787,7.839
5,Orb,Freak,9,161.726,15.5779,7.789
6,Orb,Freak,10,12.8725,11.8831,7.724
7,Orb,Freak,9,-inf,11.7831,7.659
8,Orb,Freak,9,8.93618,13.5768,7.603
9,Orb,Freak,8,13.3202,14.2453,7.55
10,Orb,Freak,9,-67.2766,11.3394,7.484
11,Orb,Freak,8,7.90955,13.0298,7.427
12,Orb,Freak,7,nan,8.53605,7.341
13,Orb,Freak,9,6.57691,9.95617,7.268
14,Orb,Freak,8,54.268,9.72157,7.194
15,Orb,Freak,9,8.60003,8.16898,7.107
16,Orb,Freak,10,9.6657,10.3515,7.039
17,Orb,Freak,9,11.3219,9.16182,6.963
18,Orb,Freak,8,24.1855,8.82697,6.885
1,Orb,Sift,6,12.3671,12.3137,8.004
2,Orb,Sift,11,10.6151,11.6706,7.936
3,Orb,Sift,8,10.6861,15.7721,7.886
4,Orb,Sift,11,-inf,16.6787,7.839
5,Orb,Sift,9,39.391,15.5779,7.789
6,Orb,Sift,10,20.8013,11.8831,7.724
7,Orb,Sift,9,-inf,11.7831,7.659
8,Orb,Sift,9,9.45873,13.5768,7.603
9,Orb,Sift,8,15.1236,14.2453,7.55
10,Orb,Sift,9,11.0582,11.3394,7.484
11,Orb,Sift,8,9.62025,13.0298,7.427
12,Orb,Sift,7,-inf,8.53605,7.341
13,Orb,Sift,9,8.06225,9.95617,7.268
14,Orb,Sift,8,13.6268,9.72157,7.194
15,Orb,Sift,9,19.071,8.16898,7.107
16,Orb,Sift,10,9.5731,10.3515,7.039
17,Orb,Sift,9,18.702,9.16182,6.963
18,Orb,Sift,8,8.42813,8.82697,6.885
1,Akaze,Brisk,6,11.9238,12.3137,8.004
2,Akaze,Brisk,11,15.6758,11.6706,7.936
3,Akaze,Brisk,8,13.3648,15.7721,7.886
4,Akaze,Brisk,11,14.3818,16.6787,7.839
5,Akaze,Brisk,9,14.8955,15.5779,7.789
6,Akaze,Brisk,10,14.7346,11.8831,7.724
7,Akaze,Brisk,9,15.9435,11.7831,7.659
8,Akaze,Brisk,9,13.9169,13.5768,7.603
9,Akaze,Brisk,8,14.0958,14.2453,7.55
10,Akaze,Brisk,9,11.8806,11.3394,7.484
11,Akaze,Brisk,8,12.3819,13.0298,7.427
12,Akaze,Brisk,7,10.3881,8.53605,7.341
13,Akaze,Brisk,9,10.0845,9.95617,7.268
14,Akaze,Brisk,8,10.0393,9.72157,7.194
15,Akaze,Brisk,9,10.0029,8.16898,7.107
16,Akaze,Brisk,10,10.375,10.3515,7.039
17,Akaze,Brisk,9,9.644,9.16182,6.963
18,Akaze,Brisk,8,8.91482,8.82697,6.885
1,Akaze,Brief,6,13.4291,12.3137,8.004
2,Akaze,Brief,11,14.9009,11.6706,7.936
3,Akaze,Brief,8,13.6094,15.7721,7.886
4,Akaze,Brief,11,13.8261,16.6787,7.839
5,Akaze,Brief,9,14.6869,15.5779,7.789
6,Akaze,Brief,10,13.9552,11.8831,7.724
7,Akaze,Brief,9,16.06,11.7831,7.659
8,Akaze,Brief,9,14.1664,13.5768,7.603
9,Akaze,Brief,8,13.4873,14.2453,7.55
10,Akaze,Brief,9,11.5913,11.3394,7.484
11,Akaze,Brief,8,12.37,13.0298,7.427
12,Akaze,Brief,7,11.5829,8.53605,7.341
13,Akaze,Brief,9,10.0855,9.95617,7.268
14,Akaze,Brief,8,9.81836,9.72157,7.194
15,Akaze,Brief,9,9.26087,8.16898,7.107
16,Akaze,Brief,10,9.74345,10.3515,7.039
17,Akaze,Brief,9,9.24831,9.16182,6.963
18,Akaze,Brief,8,9.12903,8.82697,6.885
1,Akaze,Orb,6,12.4519,12.3137,8.004
2,Akaze,Orb,11,14.7513,11.6706,7.936
3,Akaze,Orb,8,13.2831,15.7721,7.886
4,Akaze,Orb,11,14.38,16.6787,7.839
5,Akaze,Orb,9,15.9607,15.5779,7.789
6,Akaze,Orb,10,13.8919,11.8831,7.724
7,Akaze,Orb,9,15.3892,11.7831,7.659
8,Akaze,Orb,9,13.9668,13.5768,7.603
9,Akaze,Orb,8,13.493,14.2453,7.55
10,Akaze,Orb,9,11.5725,11.3394,7.484
11,Akaze,Orb,8,12.1541,13.0298,7.427
12,Akaze,Orb,7,11.189,8.53605,7.341
13,Akaze,Orb,9,10.0841,9.95617,7.268
14,Akaze,Orb,8,10.3582,9.72157,7.194
15,Akaze,Orb,9,9.94151,8.16898,7.107
16,Akaze,Orb,10,9.67411,10.3515,7.039
17,Akaze,Orb,9,9.06452,9.16182,6.963
18,Akaze,Orb,8,9.10298,8.82697,6.885
1,Akaze,Freak,6,12.2391,12.3137,8.004
2,Akaze,Freak,11,13.9229,11.6706,7.936
3,Akaze,Freak,8,13.8578,15.7721,7.886
4,Akaze,Freak,11,14.0598,16.6787,7.839
5,Akaze,Freak,9,15.9607,15.5779,7.789
6,Akaze,Freak,10,14.4861,11.8831,7.724
7,Akaze,Freak,9,15.3508,11.7831,7.659
8,Akaze,Freak,9,14.0438,13.5768,7.603
9,Akaze,Freak,8,13.6662,14.2453,7.55
10,Akaze,Freak,9,11.8182,11.3394,7.484
11,Akaze,Freak,8,12.176,13.0298,7.427
12,Akaze,Freak,7,10.7757,8.53605,7.341
13,Akaze,Freak,9,10.7967,9.95617,7.268
14,Akaze,Freak,8,9.85955,9.72157,7.194
15,Akaze,Freak,9,9.60156,8.16898,7.107
16,Akaze,Freak,10,10.3767,10.3515,7.039
17,Akaze,Freak,9,9.14676,9.16182,6.963
18,Akaze,Freak,8,8.78103,8.82697,6.885
1,Akaze,Akaze,6,12.388,12.3137,8.004
2,Akaze,Akaze,11,13.8818,11.6706,7.936
3,Akaze,Akaze,8,12.9226,15.7721,7.886
4,Akaze,Akaze,11,14.2584,16.6787,7.839
5,Akaze,Akaze,9,16.0799,15.5779,7.789
6,Akaze,Akaze,10,13.8327,11.8831,7.724
7,Akaze,Akaze,9,15.3486,11.7831,7.659
8,Akaze,Akaze,9,14.179,13.5768,7.603
9,Akaze,Akaze,8,13.8812,14.2453,7.55
10,Akaze,Akaze,9,11.6027,11.3394,7.484
11,Akaze,Akaze,8,12.2092,13.0298,7.427
12,Akaze,Akaze,7,10.8937,8.53605,7.341
13,Akaze,Akaze,9,11.0806,9.95617,7.268
14,Akaze,Akaze,8,10.604,9.72157,7.194
15,Akaze,Akaze,9,9.89258,8.16898,7.107
16,Akaze,Akaze,10,9.75507,10.3515,7.039
17,Akaze,Akaze,9,9.0761,9.16182,6.963
18,Akaze,Akaze,8,8.9504,8.82697,6.885
1,Akaze,Sift,6,12.4355,12.3137,8.004
2,Akaze,Sift,11,14.3973,11.6706,7.936
3,Akaze,Sift,8,13.2809,15.7721,7.886
4,Akaze,Sift,11,14.0824,16.6787,7.839
5,Akaze,Sift,9,16.1885,15.5779,7.789
6,Akaze,Sift,10,13.955,11.8831,7.724
7,Akaze,Sift,9,15.7533,11.7831,7.659
8,Akaze,Sift,9,13.7501,13.5768,7.603
9,Akaze,Sift,8,14.0271,14.2453,7.55
10,Akaze,Sift,9,11.788,11.3394,7.484
11,Akaze,Sift,8,12.2807,13.0298,7.427
12,Akaze,Sift,7,10.9925,8.53605,7.341
13,Akaze,Sift,9,10.8515,9.95617,7.268
14,Akaze,Sift,8,10.4807,9.72157,7.194
15,Akaze,Sift,9,9.88093,8.16898,7.107
16,Akaze,Sift,10,10.0024,10.3515,7.039
17,Akaze,Sift,9,9.01947,9.16182,6.963
18,Akaze,Sift,8,8.95888,8.82697,6.885
1,Sift,Brisk,6,11.6767,12.3137,8.004
2,Sift,Brisk,11,13.182,11.6706,7.936
3,Sift,Brisk,8,13.4651,15.7721,7.886
4,Sift,Brisk,11,18.4799,16.6787,7.839
5,Sift,Brisk,9,15.1927,15.5779,7.789
6,Sift,Brisk,10,11.5513,11.8831,7.724
7,Sift,Brisk,9,14.1519,11.7831,7.659
8,Sift,Brisk,9,15.226,13.5768,7.603
9,Sift,Brisk,8,13.3512,14.2453,7.55
10,Sift,Brisk,9,10.8588,11.3394,7.484
11,Sift,Brisk,8,12.7643,13.0298,7.427
12,Sift,Brisk,7,9.98261,8.53605,7.341
13,Sift,Brisk,9,9.6319,9.95617,7.268
14,Sift,Brisk,8,9.44517,9.72157,7.194
15,Sift,Brisk,9,9.4344,8.16898,7.107
16,Sift,Brisk,10,8.6137,10.3515,7.039
17,Sift,Brisk,9,9.47432,9.16182,6.963
18,Sift,Brisk,8,9.59855,8.82697,6.885
1,Sift,Brief,6,12.1588,12.3137,8.004
2,Sift,Brief,11,12.6971,11.6706,7.936
3,Sift,Brief,8,14.9865,15.7721,7.886
4,Sift,Brief,11,21.2271,16.6787,7.839
5,Sift,Brief,9,13.5967,15.5779,7.789
6,Sift,Brief,10,11.9511,11.8831,7.724
7,Sift,Brief,9,14.4356,11.7831,7.659
8,Sift,Brief,9,15.4731,13.5768,7.603
9,Sift,Brief,8,12.7577,14.2453,7.55
10,Sift,Brief,9,10.3095,11.3394,7.484
11,Sift,Brief,8,12.7643,13.0298,7.427
12,Sift,Brief,7,10.2447,8.53605,7.341
13,Sift,Brief,9,9.15488,9.95617,7.268
14,Sift,Brief,8,9.21241,9.72157,7.194
15,Sift,Brief,9,9.88496,8.16898,7.107
16,Sift,Brief,10,8.97875,10.3515,7.039
17,Sift,Brief,9,8.86009,9.16182,6.963
18,Sift,Brief,8,8.91734,8.82697,6.885
1,Sift,Freak,6,11.1812,12.3137,8.004
2,Sift,Freak,11,13.6867,11.6706,7.936
3,Sift,Freak,8,13.5384,15.7721,7.886
4,Sift,Freak,11,19.7152,16.6787,7.839
5,Sift,Freak,9,15.4624,15.5779,7.789
6,Sift,Freak,10,11.7715,11.8831,7.724
7,Sift,Freak,9,14.619,11.7831,7.659
8,Sift,Freak,9,13.3166,13.5768,7.603
9,Sift,Freak,8,13.9274,14.2453,7.55
10,Sift,Freak,9,11.5178,11.3394,7.484
11,Sift,Freak,8,12.0506,13.0298,7.427
12,Sift,Freak,7,10.1382,8.53605,7.341
13,Sift,Freak,9,10.0328,9.95617,7.268
14,Sift,Freak,8,9.77603,9.72157,7.194
15,Sift,Freak,9,9.19006,8.16898,7.107
16,Sift,Freak,10,8.77164,10.3515,7.039
17,Sift,Freak,9,9.08238,9.16182,6.963
18,Sift,Freak,8,9.90599,8.82697,6.885
1,Sift,Sift,6,11.6196,12.3137,8.004
2,Sift,Sift,11,12.6526,11.6706,7.936
3,Sift,Sift,8,12.6772,15.7721,7.886
4,Sift,Sift,11,18.6291,16.6787,7.839
5,Sift,Sift,9,13.0102,15.5779,7.789
6,Sift,Sift,10,11.1131,11.8831,7.724
7,Sift,Sift,9,13.6596,11.7831,7.659
8,Sift,Sift,9,14.6916,13.5768,7.603
9,Sift,Sift,8,12.539,14.2453,7.55
10,Sift,Sift,9,10.5406,11.3394,7.484
11,Sift,Sift,8,11.1937,13.0298,7.427
12,Sift,Sift,7,11.2783,8.53605,7.341
13,Sift,Sift,9,9.15488,9.95617,7.268
14,Sift,Sift,8,9.95534,9.72157,7.194
15,Sift,Sift,9,9.64683,8.16898,7.107
16,Sift,Sift,10,8.95836,10.3515,7.039
17,Sift,Sift,9,8.69186,9.16182,6.963
18,Sift,Sift,8,9.07274,8.82697,6.885
